100,'tashi@gmail.com','tashi.png','1098409134','Tashi'
101,'johnny@gmail.com','johnny.png','94138081','Elton John'
102,'elonmusk@twitter.com','elon.png','14890341','Elon Musk'
103,'timlang@macalester.edu','tim.png','431098401','Timothy Lang'
105,'gyalpo@macalester.edu','gyalpo.png','8408132094','Nyima Gyalpo'
106,'jared@gmail.com','jared.png','491038410','Jared James'
107,'daniel@gmail.com','daniel.png','30491890','Daniel Johnson'
108,'jamescarter@gmail.com','james.png','14098331','James Carter'
109,'obama@president.gov','obama.png','30948103134','Barack Obama'
110,'abigail@gmail.com','abigail.png','122239032','Abigail'
111,'vy@gmail.com','vy.png','3222290032','Vy'
112,'tenzin@gmail.com','tenzin.png','122299032','Tenzin'
113,'jake@gmail.com','jake.png','12098402352','Jake'
114,'george@gmail.com','george.png','102003903','George'
115,'EdSheeran@gmail.com','ed.png','102003903','Ed Sheeran'
116,'Maroon5@gmail.com','Maroon5.png','102003903','Maroon 5'
117,'ZaraLarsson@gmail.com','ZaraLarsson.png','102033903','Zara Larsson'
118,'Chainsmokers@gmail.com','TheChainsmokers.png','10423083903','The Chainsmokers'
119,'LewisCapaldi@gmail.com','LewisCapaldi.png','10203230833','Lewis Capaldi'
120,'KatyPerry@gmail.com','KatyPerry.png','1023420803','Katy Perry'
121,'SamFeldt@gmail.com','SamFeldt.png','11233083903','Sam Feldt'
122,'Avicii@gmail.com','Avicii.png','102023483903','Avicii'
123,'ShawnMendes@gmail.com','ShawnMendes.png','23342342343','Shawn Mendes'
124,'EllieGoulding@gmail.com','EllieGoulding.png','1423433903','Ellie Goulding'
125,'LoudLuxury@gmail.com','LoudLuxury.png','134314234','Loud Luxury'
126,'MartinGarrix@gmail.com','MartinGarrix.png','1341341','Martin Garrix'
127,'AJMitchell@gmail.com','AJMitchell.png','102030843124','AJ Mitchell'
128,'DavidGuetta@gmail.com','DavidGuetta.png','134143112','David Guetta'
129,'Marshmello@gmail.com','Marshmello.png','134143112','Marshmello'
130,'AvaMax@gmail.com','AvaMax.png','134143112','Ava Maxa'
131,'NikkiVianna@gmail.com','NikkiVianna.png','134143112','Nikki Vianna'
132,'CharliePuth@gmail.com','CharliePuth.png','134143112','Charlie Puth'
133,'Starley@gmail.com','Starley.png','134143112','Starley'
134,'JamesArthur@gmail.com','JamesArthur.png','134143112','James Arthur'
135,'MAX@gmail.com','MAX.png','134143112','MAX'
136,'ILLENIUM@gmail.com','ILLENIUM.png','134143112','ILLENIUM'
137,'CharlBazzivs@gmail.com','CharliePuth.png','134143112','Bazzi vs.'
138,'Kygo@gmail.com','Kygo.png','134143112','Kygo'
139,'ArminvanBuuren@gmail.com','ArminvanBuuren.png','134143112','Armin van Buuren'
140,'BillieEilish@gmail.com','BillieEilish.png','134143112','Billie Eilish'
141,'SeanPaul@gmail.com','SeanPaul.png','134143112','Sean Paul'
142,'Sia@gmail.com','Sia.png','134143112','Sia'
143,'rogan@email.com','rogan.jpg','10849843928',Joe Rogan
144,'m_p@email.com','m_p.png','102940384013','Michael Hobbes & Peter Shamshiri'
145,'fox@fox.com','fox.png','2840324809','Fox Audio Network'
146,'dearmedia@media.com','DM.png','208092384023','Dear Media'
147,'ps@gmail.com','P20.png','99093840','The Psychology of your 20’s'
148,'smedia@gmai.com','SM.png','20349190581','Scicomm Media'
149,'contact@nyt.com','Nyt.png','239148102','The New York Times'
150,'lex@fridman.com','lex.png','1948109041','Lex Fridman'
151,'sony@son.com','sony.png','19841092384','EmRata / Sony Music Entertainment / Somethin’ Else'
152,'wave@sport.com','wave.png','9324810941','Wave Sports + Entertainment'
153,'audiochuck@gmail.com','audiochuck.png','914091384109','audiochuck'
154,'YMH@gmail.com','ymh.png','1302480193','YMH Studios'
155,'gimlet@Gimlet.com','Gimlet.png','4091384091','Gimlet'
156,'ballen@ballen.com',ballen.png,'1984103341', 'MrBallen'
157,'alex@cooper.com','Alex.png','810950095','Alex Cooper'
158,'theo@von.com','Theo.png', '309480941','Theo Von'
159, 'npr@npr.com','npr.png','39184019320','NPR'
160,'wood@elf.com','wood.png','3129840109','Wood Elf Media'
161,'morbid@wondery.com','morbid.png','48931084103','Morbid Network | Wondery'
162, 'aoki@contact.com','aoki.png','109384111','Steve Aoki'
163,'r3hab@contact.com','r3hab.png','10903284','R3HAB'
164,'samsmith@contact.com','samsmith.png','98327432','Sam Smith'
165,'avamax@contact.com','ava.png','9841093','Ava Max'
166,'xcx@contact.com','xcx.png','79042502','Charli XCX'
167,'jb@contact.com','jb.png','1413153', 'Justin Bieber'